no,time,count,message size,span(ns),max(ns),min(ns),avg(ns)
1,2023.03.06 15:57:41,1024,200,59800312,841840,637,58398
2,2023.03.06 15:57:44,1024,200,2065953777,2989369,1105027,2017532
3,2023.03.06 15:57:45,1024,200,150863048,937635,16442,147327
4,2023.03.06 15:57:47,1024,200,17788301,15635122,787,17371
5,2023.03.06 15:57:49,1024,200,382923032,1362265,911,373948
6,2023.03.06 15:57:51,1024,200,2506061106,3474802,1429279,2447325
7,2023.03.06 15:57:53,1024,200,605502210,1962163,215708,591310
8,2023.03.06 15:59:19,1024,200,6757627,2054304,952,6599
9,2023.03.06 15:59:36,1024,200,2019135,42289,877,1971
10,2023.03.06 15:59:38,1024,200,1568852226,5248467,922,1532082
11,2023.03.06 15:59:39,1024,200,1266996389,7750551,632603,1237301
12,2023.03.06 15:59:41,1024,200,1095347115,11176790,58432,1069674
13,2023.03.06 15:59:43,1024,200,1339743951,5781090,135737,1308343
14,2023.03.06 15:59:45,1024,200,1246109438,2303645,530072,1216903
15,2023.03.06 15:59:47,1024,200,4108671,95349,829,4012
16,2023.03.06 15:59:49,1024,200,250945332,1047387,922,245063
17,2023.03.06 15:59:51,1024,200,1970705437,2762061,1143175,1924517
18,2023.03.06 15:59:53,1024,200,13408401,7551781,691,13094
19,2023.03.06 15:59:55,1024,200,1542274878,2556496,481859,1506127
20,2023.03.06 15:59:57,1024,200,1185844347,2006795,351447,1158051
21,2023.03.06 15:59:59,1024,200,1256782982,2032033,440799,1227327
22,2023.03.06 16:00:01,1024,200,21197618,196400,797,20700
23,2023.03.06 16:00:03,1024,200,3754589555,4441240,2924944,3666591
24,2023.03.06 16:00:05,1024,200,1256998178,2043820,452719,1227537
25,2023.03.06 16:00:07,1024,200,2154871433,2992998,1293022,2104366
26,2023.03.06 16:00:09,1024,200,5399014382,6091810,4476093,5272474
27,2023.03.06 16:00:11,1024,200,2239340401,3133201,1368981,2186855
28,2023.03.06 16:00:13,1024,200,663934887,9968248,20199,648373
29,2023.03.06 16:00:14,1024,200,86223490,486896,896,84202
30,2023.03.06 16:00:16,1024,200,2806764,181028,921,2740
31,2023.03.06 16:00:18,1024,200,30692779,907938,847,29973
32,2023.03.06 16:00:20,1024,200,2144499313,2946575,1278635,2094237
33,2023.03.06 16:00:22,1024,200,77636345,10520196,708,75816
34,2023.03.06 16:00:24,1024,200,3722801,470518,883,3635
35,2023.03.06 16:07:56,1024,200,2004722,27963,916,1957
36,2023.03.06 16:07:58,1024,200,100039344,517102,925,97694
37,2023.03.06 16:08:00,1024,200,823108425,8697555,114721,803816
38,2023.03.06 16:08:02,1024,200,2666601,515276,928,2604
39,2023.03.06 16:08:04,1024,200,47320474,540537,948,46211
40,2023.03.06 16:08:06,1024,200,121668318,727284,935,118816
41,2023.03.06 16:08:08,1024,200,2912693,64376,879,2844
42,2023.03.06 16:08:10,1024,200,8479632,559995,876,8280
43,2023.03.06 16:08:12,1024,200,48836620,1367110,915,47692
44,2023.03.06 16:08:14,1024,200,1224153387,3302252,843,1195462
45,2023.03.06 16:08:16,1024,200,5865331933,6845430,4658252,5727863
46,2023.03.06 16:08:18,1024,200,2597512,80086,877,2536
47,2023.03.06 16:08:20,1024,200,1828242398,3049754,559408,1785392
48,2023.03.06 16:08:21,1024,200,1123990312,2903277,30546,1097646
49,2023.03.06 16:08:28,1024,200,2174978,26268,892,2124
50,2023.03.06 16:08:32,1024,200,5274373650,8388668,929,5150755
51,2023.03.06 16:08:36,1024,200,2039436,24262,812,1991
52,2023.03.06 16:08:40,1024,200,720104787,1489730,103347,703227
53,2023.03.06 16:08:44,1024,200,2191147,32687,831,2139
54,2023.03.06 16:08:48,1024,200,144600519,786951,896,141211
55,2023.03.06 16:08:52,1024,200,3606461445,5198926,2235792,3521935
56,2023.03.06 16:08:56,1024,200,1422104858,17650153,38623,1388774
57,2023.03.06 16:09:00,1024,200,1311357509,2137923,470650,1280622
58,2023.03.06 16:09:04,1024,200,100060162,526098,910,97715
59,2023.03.06 16:09:07,1024,200,601391518,2400217,122436,587296
60,2023.03.06 16:09:11,1024,200,3891181661,9119941,335356,3799982
61,2023.03.06 16:09:15,1024,200,4876027482,5645143,1979440,4761745
62,2023.03.06 16:09:19,1024,200,4714673144,5570734,3458099,4604172
63,2023.03.06 16:09:23,1024,200,210895718,986568,922,205952
64,2023.03.06 16:09:27,1024,200,6092759,3955389,845,5949
65,2023.03.06 16:09:31,1024,200,674783519,3081254,936,658968
66,2023.03.06 16:09:35,1024,200,2421449332,3483146,1179253,2364696
67,2023.03.06 16:09:39,1024,200,3512280808,4601549,1710851,3429961
68,2023.03.06 16:09:43,1024,200,2547907,411639,907,2488
69,2023.03.06 16:09:47,1024,200,2232386,93498,886,2180
70,2023.03.06 16:09:50,1024,200,3650097920,16321570,113222,3564548
71,2023.03.06 16:09:54,1024,200,1319599350,2264481,63817,1288671
72,2023.03.06 16:09:58,1024,200,341414526,4077280,901,333412
73,2023.03.06 16:10:37,1024,200,4103806629,6850052,1100,4007623
74,2023.03.06 16:10:41,1024,200,67122401,693610,928,65549
75,2023.03.06 16:10:45,1024,200,2488597,400777,844,2430
76,2023.03.06 16:10:49,1024,200,2518734140,3018191,1889626,2459701
77,2023.03.06 16:10:53,1024,200,22335959,4723543,901,21812
78,2023.03.06 16:10:57,1024,200,4574245529,5300325,3643726,4467036
79,2023.03.06 16:11:01,1024,200,11838426754,12826306,10476308,11560963
80,2023.03.06 16:11:05,1024,200,111827452,758488,743,109206
81,2023.03.06 16:11:09,1024,200,36993960,493857,897,36126
82,2023.03.06 16:11:13,1024,200,1756731,19751,657,1715
83,2023.03.06 16:11:16,1024,200,2552358,644204,858,2492
84,2023.03.06 16:11:21,1024,200,1530958306,2554621,389243,1495076
85,2023.03.06 16:11:25,1024,200,11620267257,13395898,9552905,11347917
86,2023.03.06 16:11:29,1024,200,2733421507,8376453,361052,2669356
87,2023.03.06 16:11:33,1024,200,193127436,902979,915,188601
88,2023.03.06 16:11:37,1024,200,1222765044,1982847,418079,1194106
89,2023.03.06 16:11:41,1024,200,2610971353,3406890,1727472,2549776
90,2023.03.06 16:11:45,1024,200,2554826769,3648260,1287159,2494948
91,2023.03.06 16:11:49,1024,200,163792698,788579,822,159953
92,2023.03.06 16:11:53,1024,200,39706227,11666562,858,38775
93,2023.03.06 16:11:57,1024,200,3598443,90055,664,3514
94,2023.03.06 16:12:01,1024,200,4801413374,5531236,3856786,4688880
95,2023.03.06 16:12:05,1024,200,3381016,554222,916,3301
96,2023.03.06 16:12:09,1024,200,78188885,8083089,828,76356
97,2023.03.06 16:12:13,1024,200,188707649,835599,903,184284
98,2023.03.06 16:12:16,1024,200,421286557,1365093,950,411412
99,2023.03.06 16:12:20,1024,200,4934651665,5692130,3983415,4818995
100,2023.03.06 16:12:24,1024,200,3405516622,4163632,2562920,3325699
101,2023.03.06 16:12:28,1024,200,6494616789,7470162,5232329,6342399
102,2023.03.06 16:12:32,1024,200,5362492127,7547994,3346549,5236808
103,2023.03.06 16:12:36,1024,200,16888432,10748001,1019,16492
104,2023.03.06 16:12:40,1024,200,20591690,263966,896,20109
105,2023.03.06 16:12:44,1024,200,279025505,2070129,18025,272485
106,2023.03.06 16:12:48,1024,200,4658312046,5482876,3504443,4549132
107,2023.03.06 16:12:52,1024,200,10317722,144458,823,10075
108,2023.03.06 16:12:56,1024,200,949928194,4714785,222565,927664
109,2023.03.06 16:13:00,1024,200,2594618,34341,935,2533
110,2023.03.06 16:13:04,1024,200,20199167,556200,915,19725
111,2023.03.06 16:13:08,1024,200,4200414646,16791289,903,4101967
112,2023.03.06 16:13:11,1024,200,577782302,1984563,915,564240
113,2023.03.06 16:13:15,1024,200,2632788,357931,909,2571
114,2023.03.06 16:13:19,1024,200,994037471,1825126,1040,970739
115,2023.03.06 16:13:23,1024,200,974365310,1429487,482441,951528
116,2023.03.06 16:13:27,1024,200,6045617,570392,935,5903
117,2023.03.06 16:13:31,1024,200,2022701300,2978020,919502,1975294
118,2023.03.06 16:13:35,1024,200,2254884,25401,847,2202
119,2023.03.06 16:13:39,1024,200,2096739,555342,738,2047
120,2023.03.06 16:13:43,1024,200,2236763472,12789673,167212,2184339
121,2023.03.06 16:13:47,1024,200,2013088578,2869735,1158499,1965906
122,2023.03.06 16:13:51,1024,200,268794791,897946,984,262494
123,2023.03.06 16:13:55,1024,200,16875183,242318,903,16479
124,2023.03.06 16:13:59,1024,200,4491895586,5369960,3171089,4386616
125,2023.03.06 16:14:03,1024,200,30260454,7611671,832,29551
126,2023.03.06 16:14:07,1024,200,189204058,854589,927,184769
127,2023.03.06 16:14:11,1024,200,202891424,922096,918,198136
128,2023.03.06 16:14:15,1024,200,1704019110,2948090,1042,1664081
129,2023.03.06 16:14:19,1024,200,2508225386,3440246,1355860,2449438
130,2023.03.06 16:14:23,1024,200,963599016,4567529,888,941014
131,2023.03.06 16:14:27,1024,200,169085178,706383,909,165122
132,2023.03.06 16:14:30,1024,200,1547571157,2456882,641493,1511299
133,2023.03.06 16:14:34,1024,200,19178331,250004,913,18728
134,2023.03.06 16:14:38,1024,200,1404921454,19198667,744,1371993
135,2023.03.06 16:14:42,1024,200,205206244,784498,946,200396
136,2023.03.06 16:14:46,1024,200,831603615,2975020,63922,812112
137,2023.03.06 16:14:50,1024,200,33288741,486012,864,32508
138,2023.03.06 16:14:54,1024,200,2757628061,14783451,25309,2692996
139,2023.03.06 16:14:58,1024,200,1704444127,2537401,838273,1664496
140,2023.03.06 16:15:02,1024,200,1202946960,3390581,452871,1174752
141,2023.03.06 16:15:06,1024,200,672465311,1477041,955,656704
142,2023.03.06 16:15:10,1024,200,1843357404,2636700,1004694,1800153
143,2023.03.06 16:15:14,1024,200,86836583,5103392,892,84801
144,2023.03.06 16:15:18,1024,200,1409693373,2217003,559169,1376653
145,2023.03.06 16:15:22,1024,200,5529744954,6261362,4437183,5400141
146,2023.03.06 16:15:25,1024,200,1009544919,1974008,970,985883
147,2023.03.06 16:15:29,1024,200,13441266,187247,878,13126
148,2023.03.06 16:15:33,1024,200,10851265,622302,917,10596
149,2023.03.06 16:15:37,1024,200,1922557610,2713780,1064890,1877497
150,2023.03.06 16:15:41,1024,200,666001569,2309703,58233,650392
151,2023.03.06 16:24:49,1024,200,1249663790,2051754,410452,1220374
152,2023.03.06 16:24:53,1024,200,446196449,1303757,867,435738
153,2023.03.06 16:24:57,1024,200,1044288424,1982462,55466,1019812
154,2023.03.06 16:25:01,1024,200,2164472,29233,892,2113
155,2023.03.06 16:25:05,1024,200,4561088,470221,913,4454
156,2023.03.06 16:25:09,1024,200,2597251,411336,906,2536
157,2023.03.06 16:25:13,1024,200,6856206,505012,898,6695
158,2023.03.06 16:25:17,1024,200,696845879,10023924,38197,680513
159,2023.03.06 16:25:21,1024,200,210660822,832621,933,205723
160,2023.03.06 16:25:25,1024,200,42888873,3622138,889,41883
161,2023.03.06 16:25:29,1024,200,1378091659,12034236,654006,1345792
162,2023.03.06 16:25:33,1024,200,1852990174,2819719,727756,1809560
163,2023.03.06 16:25:36,1024,200,4216007,127340,883,4117
164,2023.03.06 16:25:40,1024,200,1933651041,2715675,1076718,1888331
165,2023.03.06 16:25:44,1024,200,68785450,9878641,880,67173
166,2023.03.06 16:25:48,1024,200,78917488,13450454,870,77067
167,2023.03.06 16:25:52,1024,200,517030135,1232459,882,504912
168,2023.03.06 16:25:56,1024,200,2544065077,10283643,121396,2484438
169,2023.03.06 16:26:00,1024,200,97526264,414419,906,95240
170,2023.03.06 16:26:04,1024,200,200557015,894262,890,195856
171,2023.03.06 16:26:08,1024,200,1316531075,10580645,63129,1285674
172,2023.03.06 16:26:12,1024,200,644175570,1762373,865,629077
173,2023.03.06 16:26:16,1024,200,1280525515,4037067,400427,1250513
174,2023.03.06 16:26:20,1024,200,2622759031,3415075,1736832,2561288
175,2023.03.06 16:26:24,1024,200,1059711434,1800674,213425,1034874
176,2023.03.06 16:26:28,1024,200,2521964,458816,1071,2462
177,2023.03.06 16:26:31,1024,200,241140960,2005612,776,235489
178,2023.03.06 16:26:35,1024,200,28331457,625960,913,27667
179,2023.03.06 16:26:39,1024,200,2288561,81901,926,2234
180,2023.03.06 16:26:43,1024,200,5662594193,6312863,1918080,5529877
181,2023.03.06 16:26:47,1024,200,1841846409,2712586,1028217,1798678
182,2023.03.06 16:26:51,1024,200,405616129,1311226,927,396109
183,2023.03.06 16:26:55,1024,200,2543625170,3542506,1440542,2484008
184,2023.03.06 16:26:59,1024,200,3834117125,4696276,2634879,3744255
185,2023.03.06 16:27:03,1024,200,7487169,389817,899,7311
186,2023.03.06 16:27:07,1024,200,222930497,1057092,827,217705
187,2023.03.06 16:27:11,1024,200,97386271,597094,937,95103
188,2023.03.06 16:27:15,1024,200,98129581,946545,15406,95829
189,2023.03.06 16:27:19,1024,200,319808643,1572593,16916,312313
190,2023.03.06 16:27:23,1024,200,4430137008,5300952,3189525,4326305
191,2023.03.06 16:27:27,1024,200,2400023,309580,847,2343
192,2023.03.06 16:27:31,1024,200,2909131697,3673770,2020461,2840948
193,2023.03.06 16:27:35,1024,200,1374417412,2882724,901,1342204
194,2023.03.06 16:27:39,1024,200,2463213638,3376738,1311895,2405482
195,2023.03.06 16:27:43,1024,200,5286870446,6275270,3214063,5162959
196,2023.03.06 16:27:47,1024,200,371021020,3451898,817,362325
197,2023.03.06 16:27:51,1024,200,3189847338,4337994,1668666,3115085
198,2023.03.06 16:27:55,1024,200,2812721,95862,903,2746
199,2023.03.06 16:27:59,1024,200,2394657,414558,834,2338
200,2023.03.06 16:28:03,1024,200,18885932,268687,943,18443
201,2023.03.06 16:28:07,1024,200,1275967551,2067326,439044,1246062
202,2023.03.06 16:28:11,1024,200,187580051,803761,905,183183
203,2023.03.06 16:28:15,1024,200,3037162239,3827092,2150028,2965978
204,2023.03.06 16:28:19,1024,200,192585830,812339,898,188072
205,2023.03.06 16:28:23,1024,200,81928940,478814,911,80008
206,2023.03.06 16:28:26,1024,200,592947054,1989127,928,579049
207,2023.03.06 16:28:30,1024,200,3355206522,4280114,2329541,3276568
208,2023.03.06 16:28:34,1024,200,2246729,28744,949,2194
209,2023.03.06 16:28:38,1024,200,17767690,238127,906,17351
210,2023.03.06 16:28:42,1024,200,1256610605,2029451,458264,1227158
211,2023.03.06 16:28:46,1024,200,2003241397,2885329,940601,1956290
212,2023.03.06 16:28:50,1024,200,1464436505,3753885,951,1430113
213,2023.03.06 16:28:54,1024,200,1495201846,2265315,678716,1460158
214,2023.03.06 16:28:58,1024,200,2686800,548187,950,2623
215,2023.03.06 16:29:01,1024,200,1218850559,2051269,340241,1190283
216,2023.03.06 16:29:05,1024,200,1051244343,1874558,224732,1026605
217,2023.03.06 16:29:09,1024,200,1682619284,3113498,95088,1643182
218,2023.03.06 16:29:13,1024,200,1058357069,1656312,886,1033551
219,2023.03.06 16:29:17,1024,200,4112653842,5986863,905,4016263
220,2023.03.06 16:29:21,1024,200,4027103105,4947606,2939868,3932717
221,2023.03.06 16:29:25,1024,200,787232431,1979531,176159,768781
222,2023.03.06 16:29:29,1024,200,1858100066,2665643,1004359,1814550
223,2023.03.06 16:29:34,1024,200,18380758,228766,925,17949
224,2023.03.06 16:29:38,1024,200,3262906,583520,921,3186
225,2023.03.06 16:29:42,1024,200,1940049507,2750791,1073535,1894579
226,2023.03.06 16:29:46,1024,200,107160773,527026,947,104649
227,2023.03.06 16:29:49,1024,200,1253571887,2053337,389909,1224191
228,2023.03.06 16:29:53,1024,200,20852593,245125,772,20363
229,2023.03.06 16:29:58,1024,200,69583042,447706,910,67952
230,2023.03.06 16:30:02,1024,200,88700071,8779083,1100,86621
231,2023.03.06 16:30:06,1024,200,2818659,72164,675,2752
232,2023.03.06 16:30:09,1024,200,6023938,520105,854,5882
233,2023.03.06 16:30:13,1024,200,2374179427,3407748,1241729,2318534
234,2023.03.06 16:30:17,1024,200,909900598,3011896,455108,888574
235,2023.03.06 16:30:21,1024,200,563780001,2766680,943,550566
236,2023.03.06 16:30:25,1024,200,127584058,1974278,901,124593
237,2023.03.06 16:30:29,1024,200,532968337,1453652,925,520476
238,2023.03.06 16:30:33,1024,200,2193422854,3823802,1045319,2142014
239,2023.03.06 16:30:37,1024,200,2423752488,3224298,750132,2366945
240,2023.03.06 16:30:41,1024,200,2382960,35686,934,2327
241,2023.03.06 16:30:45,1024,200,1055072247,7449364,743,1030343
242,2023.03.06 16:30:49,1024,200,3502919112,4430028,2316707,3420819
243,2023.03.06 16:30:53,1024,200,2769441883,3588837,1810908,2704533
244,2023.03.06 16:30:57,1024,200,2687678,635758,863,2624
245,2023.03.06 16:31:01,1024,200,121513713,586751,921,118665
246,2023.03.06 16:31:05,1024,200,2404612543,3642103,890440,2348254
247,2023.03.06 16:31:08,1024,200,4455554,1137784,945,4351
248,2023.03.06 16:31:12,1024,200,87744176,432619,867,85687
249,2023.03.06 16:31:16,1024,200,2759372,704142,883,2694
250,2023.03.06 16:31:20,1024,200,1940260370,2867718,972848,1894785
251,2023.03.06 16:31:24,1024,200,4744876,1977309,934,4633
252,2023.03.06 16:31:28,1024,200,1064534664,2318784,967,1039584
253,2023.03.06 16:31:32,1024,200,5476275,577808,843,5347
254,2023.03.06 16:31:36,1024,200,3834443,1111431,878,3744
255,2023.03.06 16:31:39,1024,200,3623543,490541,896,3538
256,2023.03.06 16:35:11,1024,200,2685625,494909,931,2622
257,2023.03.06 16:44:27,1024,200,4945892,605782,737,4829
258,2023.03.06 16:47:17,1024,200,49464282,167811,642,48304
259,2023.03.06 16:48:52,1024,200,22319898,276495,646,21796
260,2023.03.06 16:48:55,1024,200,2729079,211171,796,2665
261,2023.03.06 16:49:29,1024,200,1720563567,2179425,1157613,1680237
262,2023.03.06 16:49:32,1024,200,1645569,19658,718,1607
263,2023.03.06 16:49:36,1024,200,175649711,793321,712,171532
264,2023.03.06 16:49:39,1024,200,1700003,20449,656,1660
265,2023.03.06 16:53:02,1024,200,41027723,316179,698,40066
266,2023.03.06 16:53:07,1024,200,2474295,36982,753,2416
267,2023.03.06 16:53:11,1024,200,1789543,22758,711,1747
268,2023.03.06 16:53:15,1024,200,77241609,498177,773,75431
269,2023.03.06 16:53:20,1024,200,5041068,111441,830,4922
270,2023.03.06 16:53:24,1024,200,62822749,384625,735,61350
271,2023.03.06 16:53:30,1024,200,205416127,636729,662,200601
272,2023.03.06 16:53:38,1024,200,34646522,329103,718,33834
273,2023.03.06 16:53:40,1024,200,4659217,84855,735,4550
274,2023.03.06 16:53:43,1024,200,16768207,228865,732,16375
275,2023.03.06 16:53:45,1024,200,436595540,924966,697,426362
276,2023.03.06 16:53:47,1024,200,108896141,641719,898,106343
277,2023.03.06 16:53:50,1024,200,43777936,273277,636,42751
278,2023.03.06 16:53:52,1024,200,1895834,243133,717,1851
279,2023.03.06 16:53:54,1024,200,526965574,1021525,159923,514614
280,2023.03.06 16:53:57,1024,200,13666292,241614,689,13345
281,2023.03.06 16:53:59,1024,200,152193378,432807,711,148626
282,2023.03.06 16:54:02,1024,200,4019676,94545,740,3925
283,2023.03.06 16:54:04,1024,200,34640358,233578,704,33828
284,2023.03.06 16:54:06,1024,200,1874452,531854,716,1830
285,2023.03.06 16:54:09,1024,200,7028550,1178211,737,6863
286,2023.03.06 16:54:11,1024,200,1717015,22658,706,1676
287,2023.03.06 16:54:13,1024,200,167604653,552398,735,163676
288,2023.03.06 16:54:16,1024,200,1775272,76966,721,1733
289,2023.03.06 16:54:18,1024,200,3089188,42359,682,3016
290,2023.03.06 16:54:20,1024,200,2555461,87631,704,2495
291,2023.03.06 16:54:23,1024,200,1959472,27495,713,1913
292,2023.03.06 16:54:25,1024,200,9501499,147629,726,9278
293,2023.03.06 16:54:27,1024,200,56710890,398893,734,55381
294,2023.03.06 16:54:30,1024,200,10982451,77050,724,10725
295,2023.03.06 16:54:32,1024,200,2865147,65777,720,2797
296,2023.03.06 16:54:34,1024,200,83447516,439306,697,81491
297,2023.03.06 16:54:37,1024,200,192122883,555619,871,187620
298,2023.03.06 16:54:39,1024,200,1630591,25157,718,1592
299,2023.03.06 16:54:41,1024,200,2086826,636259,673,2037
300,2023.03.06 16:54:44,1024,200,1993815655,4104735,743,1947085
301,2023.03.06 16:54:46,1024,200,1681287,19454,783,1641
302,2023.03.06 16:54:48,1024,200,1663893,22518,699,1624
303,2023.03.06 16:54:50,1024,200,68277039,469753,662,66676
304,2023.03.06 16:54:53,1024,200,29496720,237788,666,28805
305,2023.03.06 16:54:55,1024,200,4772036,80131,709,4660
306,2023.03.06 16:54:58,1024,200,2309915,600690,805,2255
307,2023.03.06 16:55:00,1024,200,651505660,1361759,836,636235
308,2023.03.06 16:55:02,1024,200,29365722,284515,666,28677
309,2023.03.06 16:55:05,1024,200,844728824,5191964,761,824930
310,2023.03.06 16:55:07,1024,200,1891560,21351,726,1847
311,2023.03.06 16:55:09,1024,200,15456398,200196,649,15094
312,2023.03.06 16:55:12,1024,200,22889918,554870,723,22353
313,2023.03.06 16:55:14,1024,200,4620952,61357,725,4512
314,2023.03.06 16:55:16,1024,200,1928491,22868,689,1883
315,2023.03.06 16:55:19,1024,200,1795504,28170,662,1753
316,2023.03.06 16:55:21,1024,200,2105051,34406,674,2055
317,2023.03.06 16:55:23,1024,200,12270370,355480,911,11982
318,2023.03.06 16:55:26,1024,200,147717530,1454314,804,144255
319,2023.03.06 16:55:28,1024,200,4838304,79289,708,4724
320,2023.03.06 16:55:30,1024,200,2018084,74917,703,1970
321,2023.03.06 16:55:33,1024,200,2327584,31428,743,2273
322,2023.03.06 16:55:35,1024,200,15597213,422952,687,15231
323,2023.03.06 16:55:37,1024,200,1749155,28474,708,1708
324,2023.03.06 16:55:40,1024,200,6501061,106944,664,6348
325,2023.03.06 16:55:42,1024,200,2507243,422064,676,2448
326,2023.03.06 16:55:44,1024,200,1553568,23256,700,1517
327,2023.03.06 16:55:47,1024,200,1686570,21078,758,1647
328,2023.03.06 16:55:49,1024,200,18347298,186054,697,17917
329,2023.03.06 16:55:51,1024,200,6004400,112026,698,5863
330,2023.03.06 16:55:54,1024,200,44816766,258707,752,43766
331,2023.03.06 16:55:56,1024,200,68135233,400664,720,66538
332,2023.03.06 16:55:58,1024,200,18822694,210539,653,18381
333,2023.03.06 16:56:01,1024,200,1679495,27428,742,1640
334,2023.03.06 16:56:03,1024,200,15077604,159327,706,14724
335,2023.03.06 16:56:05,1024,200,8397417,103744,701,8200
336,2023.03.06 16:56:08,1024,200,17151062,208751,683,16749
337,2023.03.06 16:56:10,1024,200,21828440,183975,641,21316
338,2023.03.06 16:56:12,1024,200,10754263,183326,731,10502
339,2023.03.06 16:56:15,1024,200,130169761,3918102,704,127118
340,2023.03.06 16:56:17,1024,200,53279180,307460,769,52030
341,2023.03.06 16:56:19,1024,200,1763278,25685,686,1721
342,2023.03.06 16:56:22,1024,200,71775000,467831,740,70092
343,2023.03.06 16:56:24,1024,200,2506891,41987,713,2448
344,2023.03.06 16:56:26,1024,200,1951617,18612,735,1905
345,2023.03.06 16:56:29,1024,200,1971994,517473,688,1925
346,2023.03.06 16:56:31,1024,200,4159897,536757,734,4062
347,2023.03.06 16:56:33,1024,200,215632446,619409,706,210578
348,2023.03.06 16:56:36,1024,200,11110620,527143,698,10850
349,2023.03.06 16:56:38,1024,200,2359375,552954,663,2304
350,2023.03.06 16:56:40,1024,200,1824236,511192,702,1781
351,2023.03.06 16:56:43,1024,200,2534378261,3038941,2004519,2474978
352,2023.03.06 16:56:45,1024,200,10072116,364548,683,9836
353,2023.03.06 16:56:47,1024,200,66060978,300454,781,64512
354,2023.03.06 16:56:50,1024,200,3032178,33042,838,2961
355,2023.03.06 16:56:52,1024,200,12138664,542203,710,11854
356,2023.03.06 16:56:54,1024,200,13202386,172833,694,12892
357,2023.03.06 16:56:57,1024,200,61410503,388080,730,59971
358,2023.03.06 16:56:59,1024,200,1686272,15733,706,1646
359,2023.03.06 16:57:01,1024,200,12093066,999581,726,11809
360,2023.03.06 16:57:04,1024,200,2322465,37648,721,2268
361,2023.03.06 16:57:06,1024,200,22661632,234439,700,22130
362,2023.03.06 16:57:08,1024,200,9531703,240233,695,9308
363,2023.03.06 16:57:11,1024,200,7476109,555248,697,7300
364,2023.03.06 16:57:13,1024,200,25141665,264402,755,24552
365,2023.03.06 16:57:15,1024,200,590997502,1549618,852,577145
366,2023.03.06 16:57:18,1024,200,30862388,242520,722,30139
367,2023.03.06 16:57:20,1024,200,37433902,252721,794,36556
368,2023.03.06 16:57:22,1024,200,1655062,26337,714,1616
369,2023.03.06 16:57:25,1024,200,44434808,356931,696,43393
370,2023.03.06 16:57:27,1024,200,77791040,376943,736,75967
371,2023.03.06 16:57:29,1024,200,18629645,417663,745,18193
372,2023.03.06 16:57:32,1024,200,25592942,212981,735,24993
373,2023.03.06 16:57:34,1024,200,95003084,533689,830,92776
374,2023.03.06 16:57:36,1024,200,132003743,524672,721,128909
375,2023.03.06 16:57:39,1024,200,1706768,32695,710,1666
376,2023.03.06 16:57:41,1024,200,353974082,1343754,726,345677
377,2023.03.06 16:57:43,1024,200,2197413,59118,712,2145
378,2023.03.06 16:57:45,1024,200,5199096,92745,714,5077
379,2023.03.06 16:57:48,1024,200,95274270,468876,933,93041
380,2023.03.06 16:57:50,1024,200,36657817,209913,706,35798
381,2023.03.06 16:57:52,1024,200,1717921,26480,714,1677
382,2023.03.06 16:57:55,1024,200,1981442,22252,686,1935
383,2023.03.06 16:57:57,1024,200,1810349,25719,818,1767
384,2023.03.06 16:57:59,1024,200,1559911,24012,686,1523
385,2023.03.06 16:58:02,1024,200,102338700,490094,719,99940
386,2023.03.06 16:58:04,1024,200,1706745,117534,755,1666
387,2023.03.06 16:58:07,1024,200,18829235,176266,806,18387
388,2023.03.06 16:58:09,1024,200,12055874,165606,739,11773
389,2023.03.06 16:58:11,1024,200,514265427,965654,724,502212
390,2023.03.06 16:58:14,1024,200,68382452,402672,746,66779
391,2023.03.06 16:58:16,1024,200,1523012,15511,703,1487
392,2023.03.06 16:58:18,1024,200,2265788,33397,716,2212
393,2023.03.06 16:58:20,1024,200,28454255,264928,752,27787
394,2023.03.06 16:58:23,1024,200,1191446191,1816821,416079,1163521
395,2023.03.06 16:58:25,1024,200,1719789,18587,720,1679
396,2023.03.06 16:58:27,1024,200,2637047,35148,729,2575
397,2023.03.06 16:58:30,1024,200,36172457,229317,726,35324
398,2023.03.06 16:58:32,1024,200,19489781,259323,657,19032
399,2023.03.06 16:58:34,1024,200,96322676,447681,719,94065
400,2023.03.06 16:58:37,1024,200,20311966,374222,713,19835
401,2023.03.06 16:58:39,1024,200,1711031,19168,696,1670
402,2023.03.06 16:58:41,1024,200,2976076,82358,672,2906
403,2023.03.06 16:58:44,1024,200,29461167,259442,757,28770
404,2023.03.06 16:58:46,1024,200,1559997,17996,731,1523
405,2023.03.06 16:58:48,1024,200,33579432,208125,683,32792
406,2023.03.06 16:58:51,1024,200,2516607,325865,758,2457
407,2023.03.06 16:58:53,1024,200,1921539,273721,615,1876
408,2023.03.06 16:58:55,1024,200,19394159,217270,698,18939
409,2023.03.06 16:58:58,1024,200,1642352,80184,718,1603
410,2023.03.06 16:59:01,1024,200,2288499,542029,684,2234
411,2023.03.06 16:59:03,1024,200,1581861,21534,730,1544
412,2023.03.06 16:59:05,1024,200,6454466,64398,700,6303
413,2023.03.06 16:59:07,1024,200,120937545,579181,933,118103
414,2023.03.06 16:59:10,1024,200,1678112,15603,716,1638
415,2023.03.06 16:59:12,1024,200,2710720,245706,709,2647
416,2023.03.06 16:59:14,1024,200,19840882,228057,708,19375
417,2023.03.06 16:59:17,1024,200,1696028,14952,636,1656
418,2023.03.06 16:59:19,1024,200,51881005,341144,705,50665
419,2023.03.06 16:59:21,1024,200,1954899,16594,714,1909
420,2023.03.06 16:59:24,1024,200,1360774859,2336233,788,1328881
421,2023.03.06 16:59:26,1024,200,465641436,1002454,740,454727
422,2023.03.06 16:59:29,1024,200,13786604,769987,740,13463
423,2023.03.06 16:59:31,1024,200,11704601,145866,769,11430
424,2023.03.06 16:59:33,1024,200,85461787,503760,789,83458
425,2023.03.06 16:59:35,1024,200,2123532,25265,730,2073
426,2023.03.06 16:59:38,1024,200,2004508,52048,727,1957
427,2023.03.06 16:59:40,1024,200,1660317,140233,709,1621
428,2023.03.06 16:59:42,1024,200,1710725,19732,666,1670
429,2023.03.06 16:59:45,1024,200,311773388,1794671,788,304466
430,2023.03.06 16:59:47,1024,200,54542865,386843,726,53264
431,2023.03.06 16:59:49,1024,200,27209191,207168,926,26571
432,2023.03.06 16:59:52,1024,200,1511950,16638,678,1476
433,2023.03.06 16:59:54,1024,200,1808851,19705,709,1766
434,2023.03.06 16:59:56,1024,200,76997917,472195,807,75193
435,2023.03.06 16:59:59,1024,200,2640770,114446,733,2578
436,2023.03.06 17:00:01,1024,200,22242097,226629,703,21720
437,2023.03.06 17:00:03,1024,200,25214736,639577,721,24623
438,2023.03.06 17:00:06,1024,200,1766878,17791,669,1725
439,2023.03.06 17:00:08,1024,200,25155550,203624,691,24565
440,2023.03.06 17:00:10,1024,200,1361706965,1843323,824222,1329791
441,2023.03.06 17:00:13,1024,200,34916150,397241,717,34097
442,2023.03.06 17:00:15,1024,200,2918479,532492,678,2850
443,2023.03.06 17:00:17,1024,200,1683424,24625,709,1643
444,2023.03.06 17:00:20,1024,200,1713462,18668,760,1673
445,2023.03.06 17:00:22,1024,200,25766747,229909,658,25162
446,2023.03.06 17:00:24,1024,200,1663206,18600,611,1624
447,2023.03.06 17:00:27,1024,200,1743265,20871,640,1702
448,2023.03.06 17:00:29,1024,200,23516879,449990,676,22965
449,2023.03.06 17:00:31,1024,200,23637714,243543,719,23083
450,2023.03.06 17:00:34,1024,200,111693077,581467,695,109075
451,2023.03.06 17:00:36,1024,200,31844443,272070,724,31098
452,2023.03.06 17:00:39,1024,200,47147493,174447,722,46042
453,2023.03.06 17:00:41,1024,200,18254618,1564835,809,17826
454,2023.03.06 17:00:43,1024,200,462060159,1107062,707,451230
455,2023.03.06 17:00:45,1024,200,48259995,253654,747,47128
456,2023.03.06 17:00:48,1024,200,44620475,251413,695,43574
457,2023.03.06 17:00:50,1024,200,1834509,268000,713,1791
458,2023.03.06 17:00:52,1024,200,2400086,42935,707,2343
459,2023.03.06 17:00:55,1024,200,434157331,1107624,797,423981
460,2023.03.06 17:00:57,1024,200,1678766,22949,713,1639
461,2023.03.06 17:00:59,1024,200,120737665,513272,723,117907
462,2023.03.06 17:01:02,1024,200,476927961,1306829,786,465749
463,2023.03.06 17:01:04,1024,200,30779280,611667,677,30057
464,2023.03.06 17:01:06,1024,200,7624157,200746,669,7445
465,2023.03.06 17:01:09,1024,200,100167540,388474,776,97819
466,2023.03.06 17:01:11,1024,200,2034685,21047,686,1986
467,2023.03.06 17:01:14,1024,200,98610030,329624,738,96298
468,2023.03.06 17:01:16,1024,200,26665835,264528,730,26040
469,2023.03.06 17:01:19,1024,200,16643207,201206,767,16253
470,2023.03.06 17:01:21,1024,200,13541667,124853,840,13224
471,2023.03.06 17:01:23,1024,200,23025897,219525,749,22486
472,2023.03.06 17:01:26,1024,200,1824239,25832,783,1781
473,2023.03.06 17:01:28,1024,200,48690772,314258,698,47549
474,2023.03.06 17:01:30,1024,200,615958573,1087858,115779,601522
475,2023.03.06 17:01:32,1024,200,8903290,108376,699,8694
476,2023.03.06 17:01:35,1024,200,23696069,210569,749,23140
477,2023.03.06 17:01:37,1024,200,57865379,296467,724,56509
478,2023.03.06 17:01:39,1024,200,101452816,380728,698,99075
479,2023.03.06 17:01:42,1024,200,2705976,39389,834,2642
480,2023.03.06 17:01:44,1024,200,1977921739,3298154,1003,1931564
481,2023.03.06 17:01:47,1024,200,1384877556,2328795,974,1352419
482,2023.03.06 17:01:49,1024,200,33409504,355982,730,32626
483,2023.03.06 17:01:51,1024,200,2201642,29685,658,2150
484,2023.03.06 17:01:54,1024,200,11448058,281467,846,11179
485,2023.03.06 17:01:56,1024,200,17592790,195142,834,17180
486,2023.03.06 17:01:58,1024,200,1685905,14534,693,1646
487,2023.03.06 17:02:01,1024,200,1569902,45449,683,1533
488,2023.03.06 17:02:03,1024,200,6100714,89584,675,5957
489,2023.03.06 17:02:05,1024,200,1730996,24060,707,1690
490,2023.03.06 17:02:08,1024,200,2534150,842311,718,2474
491,2023.03.06 17:02:10,1024,200,2307605,678435,644,2253
492,2023.03.06 17:02:12,1024,200,1715984,49281,700,1675
493,2023.03.06 17:02:15,1024,200,2535443,335060,745,2476
494,2023.03.06 17:02:17,1024,200,1968553,35006,748,1922
495,2023.03.06 17:02:19,1024,200,3866926,68896,624,3776
496,2023.03.06 17:02:22,1024,200,1766507,42045,737,1725
497,2023.03.06 17:02:24,1024,200,2050890,109004,711,2002
498,2023.03.06 17:02:27,1024,200,2055385,19378,827,2007
499,2023.03.06 17:02:29,1024,200,37781760,283161,705,36896
500,2023.03.06 17:02:31,1024,200,24953934,227204,717,24369
501,2023.03.06 17:02:34,1024,200,1498399,16571,709,1463
502,2023.03.06 17:02:36,1024,200,2074389,574250,680,2025
503,2023.03.06 17:02:38,1024,200,9861779,147212,652,9630
504,2023.03.06 17:02:41,1024,200,252309378,893138,731,246395
505,2023.03.06 17:02:43,1024,200,8225927,150251,721,8033
506,2023.03.06 17:02:45,1024,200,666020286,1275683,150190,650410
507,2023.03.06 17:02:48,1024,200,1767007,25409,715,1725
508,2023.03.06 17:02:50,1024,200,6511661,139260,724,6359
509,2023.03.06 17:02:52,1024,200,30469870,228376,713,29755
510,2023.03.06 17:02:55,1024,200,18285751,248098,797,17857
511,2023.03.06 17:02:57,1024,200,24190765,636057,783,23623
512,2023.03.06 17:02:59,1024,200,9527079,104636,690,9303
513,2023.03.06 17:03:02,1024,200,80652334,415220,673,78762
514,2023.03.06 17:03:04,1024,200,24484703,799804,696,23910
515,2023.03.06 17:03:06,1024,200,2503385128,3288628,1420481,2444712
516,2023.03.06 17:03:09,1024,200,4131267,75523,657,4034
517,2023.03.06 17:03:11,1024,200,1750261,30693,701,1709
518,2023.03.06 17:03:13,1024,200,3976089,63265,733,3882
519,2023.03.06 17:03:16,1024,200,35403393,1343892,773,34573
520,2023.03.06 17:03:18,1024,200,1949141,19711,751,1903
521,2023.03.06 17:03:20,1024,200,2204121,321467,728,2152
522,2023.03.06 17:03:23,1024,200,1650541,38768,698,1611
523,2023.03.06 17:03:25,1024,200,1794703,29796,658,1752
524,2023.03.06 17:03:27,1024,200,1562272,18841,707,1525
525,2023.03.06 17:03:30,1024,200,2420324,585616,801,2363
526,2023.03.06 17:03:32,1024,200,29791903,425871,772,29093
527,2023.03.06 17:03:34,1024,200,26837311,211584,703,26208
528,2023.03.06 17:03:37,1024,200,1893708,66051,695,1849
529,2023.03.06 17:03:39,1024,200,26791796,254542,753,26163
530,2023.03.06 17:03:41,1024,200,22556918,194579,740,22028
531,2023.03.06 17:03:44,1024,200,2975370,70688,706,2905
532,2023.03.06 17:03:46,1024,200,107602536,583823,723,105080
533,2023.03.06 17:03:48,1024,200,1625935,20980,726,1587
534,2023.03.06 17:03:50,1024,200,41430028,343505,704,40459
535,2023.03.06 17:03:53,1024,200,296805343,937195,743,289848
536,2023.03.06 17:03:55,1024,200,587646310,1255884,1047,573873
537,2023.03.06 17:03:57,1024,200,58997413,739590,756,57614
538,2023.03.06 17:04:00,1024,200,20246914,206103,726,19772
539,2023.03.06 17:04:02,1024,200,7162109,151102,700,6994
540,2023.03.06 17:04:04,1024,200,1736914,22505,789,1696
541,2023.03.06 17:04:07,1024,200,2134706,27477,863,2084
542,2023.03.06 17:04:09,1024,200,33770446,270018,683,32978
543,2023.03.06 17:04:11,1024,200,791428770,1250711,341085,772879
544,2023.03.06 17:04:14,1024,200,23176858,284175,727,22633
545,2023.03.06 17:04:16,1024,200,6164768,94668,636,6020
546,2023.03.06 17:04:18,1024,200,14050795,163307,662,13721
547,2023.03.06 17:04:21,1024,200,298191925,771380,734,291203
548,2023.03.06 17:04:23,1024,200,13779988,97231,655,13457
549,2023.03.06 17:04:25,1024,200,52531802,216427,677,51300
550,2023.03.06 17:04:28,1024,200,1492865,18643,637,1457
551,2023.03.06 17:04:30,1024,200,1593980,20393,737,1556
552,2023.03.06 17:04:32,1024,200,1684733,20288,764,1645
553,2023.03.06 17:04:35,1024,200,38579816,232266,772,37675
554,2023.03.06 17:04:37,1024,200,32764967,251939,726,31997
555,2023.03.06 17:04:39,1024,200,2201464,549492,770,2149
556,2023.03.06 17:04:42,1024,200,2051749,211004,788,2003
557,2023.03.06 17:04:44,1024,200,24227898,201417,723,23660
558,2023.03.06 17:04:46,1024,200,88321323,482027,785,86251
559,2023.03.06 17:04:49,1024,200,415344440,888541,788,405609
560,2023.03.06 17:04:51,1024,200,39677027,262388,765,38747
561,2023.03.06 17:04:53,1024,200,2779935,556524,691,2714
562,2023.03.06 17:04:56,1024,200,1954879,22196,696,1909
563,2023.03.06 17:04:58,1024,200,1583168,46011,702,1546
564,2023.03.06 17:05:00,1024,200,3402027,61733,649,3322
565,2023.03.06 17:05:03,1024,200,52151659,311410,733,50929
566,2023.03.06 17:05:05,1024,200,6406618,147922,656,6256
567,2023.03.06 17:05:07,1024,200,58603459,4111293,726,57229
568,2023.03.06 17:05:10,1024,200,15446839,174919,751,15084
569,2023.03.06 17:05:12,1024,200,8970996,137893,680,8760
570,2023.03.06 17:05:14,1024,200,24793347,185449,709,24212
571,2023.03.06 17:05:17,1024,200,191612605,778516,732,187121
572,2023.03.06 17:05:19,1024,200,1959962,157121,689,1914
573,2023.03.06 17:05:21,1024,200,2301910,51850,670,2247
574,2023.03.06 17:05:24,1024,200,1688570,19107,713,1648
575,2023.03.06 17:05:26,1024,200,12347965,155008,704,12058
576,2023.03.06 17:05:28,1024,200,2110069,548587,676,2060
577,2023.03.06 17:05:31,1024,200,29260680,262427,664,28574
578,2023.03.06 17:05:33,1024,200,2829509,67109,719,2763
579,2023.03.06 17:05:35,1024,200,2532646,31712,667,2473
580,2023.03.06 17:05:38,1024,200,1576597,22361,708,1539
581,2023.03.06 17:05:40,1024,200,1937536,540908,693,1892
582,2023.03.06 17:05:42,1024,200,23014261,437908,711,22474
583,2023.03.06 17:05:45,1024,200,8816250,161844,701,8609
584,2023.03.06 17:05:47,1024,200,1892429,19774,856,1848
585,2023.03.06 17:05:49,1024,200,64282021,481453,763,62775
586,2023.03.06 17:05:52,1024,200,1938101,23743,705,1892
587,2023.03.06 17:05:54,1024,200,1439171,20866,655,1405
588,2023.03.06 17:05:56,1024,200,7538288,588479,693,7361
589,2023.03.06 17:05:59,1024,200,3909307,230753,868,3817
590,2023.03.06 17:06:01,1024,200,32788762,259157,677,32020
591,2023.03.06 17:06:03,1024,200,11379842,197480,718,11113
592,2023.03.06 17:06:06,1024,200,2029265,539436,674,1981
593,2023.03.06 17:06:08,1024,200,25098444,242540,965,24510
594,2023.03.06 17:06:10,1024,200,39884404,271151,677,38949
595,2023.03.06 17:06:13,1024,200,1970275,28588,717,1924
596,2023.03.06 17:06:15,1024,200,3280066,53889,860,3203
597,2023.03.06 17:06:17,1024,200,17704532,115918,702,17289
598,2023.03.06 17:06:20,1024,200,2627218,257475,647,2565
599,2023.03.06 17:06:22,1024,200,4695802,86875,708,4585
600,2023.03.06 17:06:24,1024,200,1642311,25975,645,1603
601,2023.03.06 17:06:27,1024,200,1698126,21147,619,1658
602,2023.03.06 17:06:29,1024,200,3673025,335857,705,3586
603,2023.03.06 17:06:31,1024,200,2331900,26617,810,2277
604,2023.03.06 17:06:34,1024,200,2871995,45094,736,2804
605,2023.03.06 17:06:36,1024,200,171868630,740454,966,167840
606,2023.03.06 17:06:39,1024,200,149874328,697234,825,146361
607,2023.03.06 17:06:41,1024,200,2264245,551783,773,2211
608,2023.03.06 17:06:43,1024,200,1520957318,2142827,832049,1485309
609,2023.03.06 17:06:46,1024,200,39832258,167625,734,38898
610,2023.03.06 17:06:48,1024,200,8154756,182760,707,7963
611,2023.03.06 17:06:50,1024,200,128069679,584971,717,125068
612,2023.03.06 17:06:53,1024,200,11200206,140726,668,10937
613,2023.03.06 17:06:55,1024,200,29317019,198261,942,28629
614,2023.03.06 17:06:57,1024,200,1799454,21896,774,1757
615,2023.03.06 17:07:00,1024,200,182236079,674142,669,177964
616,2023.03.06 17:07:02,1024,200,2542908164,3442055,851,2483308
617,2023.03.06 17:07:04,1024,200,2871526,539744,707,2804
618,2023.03.06 17:07:07,1024,200,4146814,91543,692,4049
619,2023.03.06 17:07:09,1024,200,17590592,190552,723,17178
620,2023.03.06 17:07:11,1024,200,3842555,55577,711,3752
621,2023.03.06 17:07:14,1024,200,126273381,599379,696,123313
622,2023.03.06 17:07:16,1024,200,684065237,1023128,981,668032
623,2023.03.06 17:07:18,1024,200,1559330,17863,710,1522
624,2023.03.06 17:07:21,1024,200,4311391,65593,835,4210
625,2023.03.06 17:07:23,1024,200,7236774,554430,723,7067
626,2023.03.06 17:07:25,1024,200,5698522,104191,729,5564
627,2023.03.06 17:07:28,1024,200,51234495,1120401,699,50033
628,2023.03.06 17:07:30,1024,200,1738843,22231,676,1698
629,2023.03.06 17:07:32,1024,200,417979388,1088774,819,408182
630,2023.03.06 17:07:35,1024,200,2251382,242639,721,2198
631,2023.03.06 17:07:37,1024,200,106106569,549051,810,103619
632,2023.03.06 17:07:39,1024,200,1559042,23413,687,1522
633,2023.03.06 17:07:42,1024,200,14806145,2569550,678,14459
634,2023.03.06 17:07:44,1024,200,85093542,431705,656,83099
635,2023.03.06 17:07:46,1024,200,13275129,231875,709,12963
636,2023.03.06 17:07:49,1024,200,5767665,79059,778,5632
637,2023.03.06 17:07:51,1024,200,6638086,256011,686,6482
638,2023.03.06 17:07:53,1024,200,173887629,658862,715,169812
639,2023.03.06 17:07:56,1024,200,1831437,14442,742,1788
640,2023.03.06 17:07:58,1024,200,15846835,235039,728,15475
641,2023.03.06 17:08:01,1024,200,17939015,232469,725,17518
642,2023.03.06 17:08:03,1024,200,26620334,251513,784,25996
643,2023.03.06 17:08:05,1024,200,37238376,395954,717,36365
644,2023.03.06 17:08:08,1024,200,21367642,262572,730,20866
645,2023.03.06 17:08:10,1024,200,34732703,264471,701,33918
646,2023.03.06 17:08:12,1024,200,14474729,270067,680,14135
647,2023.03.06 17:08:15,1024,200,1810864,83184,701,1768
648,2023.03.06 17:08:17,1024,200,1745958,20992,661,1705
649,2023.03.06 17:08:19,1024,200,1895616890,2583052,1109370,1851188
650,2023.03.06 17:08:21,1024,200,70472279,250608,804,68820
651,2023.03.06 17:08:24,1024,200,3264726,131775,647,3188
652,2023.03.06 17:08:26,1024,200,1928336,29574,701,1883
653,2023.03.06 17:08:29,1024,200,1646792,15024,726,1608
654,2023.03.06 17:08:31,1024,200,5398122,93423,824,5271
655,2023.03.06 17:08:33,1024,200,2407615,58144,704,2351
656,2023.03.06 17:08:36,1024,200,3284774,54892,841,3207
657,2023.03.06 17:08:38,1024,200,70922210,515374,652,69259
658,2023.03.06 17:08:40,1024,200,2177265,29151,712,2126
659,2023.03.06 17:08:43,1024,200,1710860,29242,799,1670
660,2023.03.06 17:08:45,1024,200,2276651,539961,679,2223
661,2023.03.06 17:08:47,1024,200,460366582,1052071,688,449576
662,2023.03.06 17:08:50,1024,200,1692048,24742,668,1652
663,2023.03.06 17:08:52,1024,200,89043951,521656,705,86956
664,2023.03.06 17:08:54,1024,200,345442459,869181,732,337346
665,2023.03.06 17:08:57,1024,200,34346325,255200,696,33541
666,2023.03.06 17:08:59,1024,200,4869377,545486,730,4755
667,2023.03.06 17:09:01,1024,200,56137084,363939,710,54821
668,2023.03.06 17:09:04,1024,200,2796127652,4301290,735,2730593
669,2023.03.06 17:09:06,1024,200,5120632,31666,704,5000
670,2023.03.06 17:09:08,1024,200,8249263,280896,708,8055
671,2023.03.06 17:09:11,1024,200,4988982,125884,714,4872
672,2023.03.06 17:09:13,1024,200,1752190,20188,693,1711
673,2023.03.06 17:09:15,1024,200,3334673,66041,688,3256
674,2023.03.06 17:09:18,1024,200,26719735,206087,688,26093
675,2023.03.06 17:09:20,1024,200,644556135,1404658,831,629449
676,2023.03.06 17:09:22,1024,200,28697979,251058,744,28025
677,2023.03.06 17:09:25,1024,200,2044043,137739,653,1996
678,2023.03.06 17:09:27,1024,200,1139332945,2098163,263274,1112629
679,2023.03.06 17:09:29,1024,200,1516158,12810,706,1480
680,2023.03.06 17:09:32,1024,200,374540516,2873624,670,365762
681,2023.03.06 17:09:34,1024,200,2107266,26018,603,2057
682,2023.03.06 17:09:36,1024,200,1956842,23283,754,1910
683,2023.03.06 17:09:39,1024,200,11893376,141362,736,11614
684,2023.03.06 17:09:41,1024,200,14571708,361461,688,14230
685,2023.03.06 17:09:43,1024,200,8992297,104768,725,8781
686,2023.03.06 17:09:46,1024,200,28806408,273739,732,28131
687,2023.03.06 17:09:48,1024,200,7526931,566512,722,7350
688,2023.03.06 17:09:50,1024,200,26258956,237716,732,25643
689,2023.03.06 17:09:53,1024,200,2910972,381272,684,2842
690,2023.03.06 17:09:55,1024,200,20925862,218051,648,20435
691,2023.03.06 17:09:57,1024,200,3587300,27800,672,3503
692,2023.03.06 17:10:00,1024,200,1500851,21690,656,1465
693,2023.03.06 17:10:02,1024,200,24340050,215243,729,23769
694,2023.03.06 17:10:04,1024,200,1711472,17686,738,1671
695,2023.03.06 17:10:07,1024,200,1929647,191302,690,1884
696,2023.03.06 17:10:09,1024,200,1654904851,2927621,827,1616118
697,2023.03.06 17:10:11,1024,200,22734250,244906,860,22201
698,2023.03.06 17:10:14,1024,200,20609101,512555,707,20126
699,2023.03.06 17:10:16,1024,200,3656076,62106,685,3570
700,2023.03.06 17:10:18,1024,200,98585981,487826,702,96275
701,2023.03.06 17:10:21,1024,200,2373558,43645,837,2317
702,2023.03.06 17:10:23,1024,200,6226264,102320,661,6080
703,2023.03.06 17:10:25,1024,200,1555744,17180,694,1519
704,2023.03.06 17:10:28,1024,200,29807805,234550,749,29109
705,2023.03.06 17:10:30,1024,200,1995382,254142,708,1948
706,2023.03.06 17:10:32,1024,200,70346163,274872,688,68697
707,2023.03.06 17:10:35,1024,200,1741184,146486,698,1700
708,2023.03.06 17:10:37,1024,200,24729237,214685,711,24149
709,2023.03.06 17:10:39,1024,200,1748081,17817,674,1707
710,2023.03.06 17:10:41,1024,200,35941614,364614,729,35099
711,2023.03.06 17:10:44,1024,200,1771320,109034,705,1729
712,2023.03.06 17:10:46,1024,200,1933578,123095,696,1888
713,2023.03.06 17:10:49,1024,200,2979075,542606,686,2909
714,2023.03.06 17:10:51,1024,200,713224940,1397180,66576,696508
715,2023.03.06 17:10:53,1024,200,67388908,548661,672,65809
716,2023.03.06 17:10:56,1024,200,18212342,190312,696,17785
717,2023.03.06 17:10:58,1024,200,23784856,222243,828,23227
718,2023.03.06 17:11:00,1024,200,56368636,454858,762,55047
719,2023.03.06 17:11:03,1024,200,1587227,16172,728,1550
720,2023.03.06 17:11:05,1024,200,92817848,438556,701,90642
721,2023.03.06 17:11:07,1024,200,12344260,335825,841,12054
722,2023.03.06 17:11:10,1024,200,2279429,38713,726,2226
723,2023.03.06 17:11:12,1024,200,28906485,236222,717,28228
724,2023.03.06 17:11:14,1024,200,372008022,840559,733,363289
725,2023.03.06 17:11:17,1024,200,25958134,609936,717,25349
726,2023.03.06 17:11:19,1024,200,20667090,193438,695,20182
727,2023.03.06 17:11:21,1024,200,2582227,216932,700,2521
728,2023.03.06 17:11:23,1024,200,177732689,645978,658,173567
729,2023.03.06 17:11:26,1024,200,2235036,115812,646,2182
730,2023.03.06 17:11:28,1024,200,6328855,102658,677,6180
731,2023.03.06 17:11:30,1024,200,25624732,253191,760,25024
732,2023.03.06 17:11:33,1024,200,21258305,179159,699,20760
733,2023.03.06 17:11:35,1024,200,30926347,262086,764,30201
734,2023.03.06 17:11:37,1024,200,45476128,340384,718,44410
735,2023.03.06 17:11:40,1024,200,1834631,320515,692,1791
736,2023.03.06 17:11:42,1024,200,2374911,36636,838,2319
737,2023.03.06 17:11:44,1024,200,1693112,19785,748,1653
738,2023.03.06 17:11:47,1024,200,1912182,559206,698,1867
739,2023.03.06 17:11:49,1024,200,252376999,863456,747,246461
740,2023.03.06 17:11:51,1024,200,5434188,79054,712,5306
741,2023.03.06 17:11:54,1024,200,1758400,28186,683,1717
742,2023.03.06 17:11:56,1024,200,6236805,83467,743,6090
743,2023.03.06 17:11:58,1024,200,5466208,96897,684,5338
744,2023.03.06 17:12:01,1024,200,1622369,196962,658,1584
745,2023.03.06 17:12:03,1024,200,1871159,27036,755,1827
746,2023.03.06 17:12:05,1024,200,4105668,548420,702,4009
747,2023.03.06 17:12:07,1024,200,3692994589,4395640,870,3606440
748,2023.03.06 17:12:10,1024,200,1519183,26492,686,1483
749,2023.03.06 17:12:12,1024,200,90894456,424184,780,88764
750,2023.03.06 17:12:14,1024,200,1843200,35493,693,1800
751,2023.03.06 17:12:17,1024,200,2059321,541219,726,2011
752,2023.03.06 17:12:19,1024,200,17795379,213095,737,17378
753,2023.03.06 17:12:21,1024,200,1737777,23455,749,1697
754,2023.03.06 17:12:24,1024,200,716028546,1275496,152713,699246
755,2023.03.06 17:12:26,1024,200,2123629,81060,720,2073
756,2023.03.06 17:12:28,1024,200,107448477,587305,753,104930
757,2023.03.06 17:12:31,1024,200,27937584,208301,717,27282
758,2023.03.06 17:12:33,1024,200,2421494,39032,712,2364
759,2023.03.06 17:12:35,1024,200,5753058,120353,707,5618
760,2023.03.06 17:12:38,1024,200,60541199,317076,695,59122
761,2023.03.06 17:12:40,1024,200,23695426,167939,674,23140
762,2023.03.06 17:12:42,1024,200,1889180,39375,719,1844
763,2023.03.06 17:12:45,1024,200,459514965,3476753,730,448745
764,2023.03.06 17:12:47,1024,200,7062763,355754,742,6897
765,2023.03.06 17:12:49,1024,200,15695883,193116,720,15328
766,2023.03.06 17:12:51,1024,200,16954428,176066,669,16557
767,2023.03.06 17:12:54,1024,200,2846579,67497,789,2779
768,2023.03.06 17:12:56,1024,200,2571046,520564,693,2510
769,2023.03.06 17:12:58,1024,200,3398468,90043,690,3318
770,2023.03.06 17:13:01,1024,200,1706739,37407,686,1666
771,2023.03.06 17:13:03,1024,200,247243937,788229,761,241449
772,2023.03.06 17:13:06,1024,200,28223468,216541,825,27561
773,2023.03.06 17:13:08,1024,200,9930501,109763,690,9697
774,2023.03.06 17:13:10,1024,200,16069909,181185,711,15693
775,2023.03.06 17:13:13,1024,200,2465137,76754,763,2407
776,2023.03.06 17:13:15,1024,200,2192892,30620,744,2141
777,2023.03.06 17:13:17,1024,200,659522035,2921671,866,644064
778,2023.03.06 17:13:19,1024,200,11386778,554958,710,11119
779,2023.03.06 17:13:22,1024,200,1719701,31849,803,1679
780,2023.03.06 17:13:24,1024,200,2829775,554917,837,2763
781,2023.03.06 17:13:26,1024,200,58987721,318302,1028,57605
782,2023.03.06 17:13:29,1024,200,29418781,234704,704,28729
783,2023.03.06 17:13:31,1024,200,2388513,565267,700,2332
784,2023.03.06 17:13:33,1024,200,1699182,21114,698,1659
785,2023.03.06 17:13:36,1024,200,1724596,18056,642,1684
786,2023.03.06 17:13:38,1024,200,45275529,278311,761,44214
787,2023.03.06 17:13:40,1024,200,5523464,560144,694,5394
788,2023.03.06 17:13:43,1024,200,1561838,17615,722,1525
789,2023.03.06 17:13:45,1024,200,2061016,250151,755,2012
790,2023.03.06 17:13:47,1024,200,2167902,73656,695,2117
791,2023.03.06 17:13:50,1024,200,86287315,546716,713,84264
792,2023.03.06 17:13:52,1024,200,1799251,18966,698,1757
793,2023.03.06 17:13:54,1024,200,13407072,171007,722,13092
794,2023.03.06 17:13:57,1024,200,21253735,243299,688,20755
795,2023.03.06 17:13:59,1024,200,4996678,111599,717,4879
796,2023.03.06 17:14:01,1024,200,40021847,279672,712,39083
797,2023.03.06 17:14:04,1024,200,7941124,72975,728,7755
798,2023.03.06 17:14:06,1024,200,1992660,22048,741,1945
799,2023.03.06 17:14:08,1024,200,1917743,203414,729,1872
800,2023.03.06 17:14:11,1024,200,2231719,60433,734,2179
801,2023.03.06 17:14:13,1024,200,1631560,17105,735,1593
802,2023.03.06 17:14:15,1024,200,13868745,205095,686,13543
803,2023.03.06 17:14:18,1024,200,50332934,421700,702,49153
804,2023.03.06 17:14:20,1024,200,12665705,166190,707,12368
805,2023.03.06 17:14:22,1024,200,23706798,191754,725,23151
806,2023.03.06 17:14:25,1024,200,1707401879,2436480,949785,1667384
807,2023.03.06 17:14:27,1024,200,24345024,236554,743,23774
808,2023.03.06 17:14:29,1024,200,2210806,630299,683,2158
809,2023.03.06 17:14:32,1024,200,28551608,159859,701,27882
810,2023.03.06 17:14:34,1024,200,200719806,760958,829,196015
811,2023.03.06 17:14:36,1024,200,75077421,527295,698,73317
812,2023.03.06 17:14:39,1024,200,3814103,83703,709,3724
813,2023.03.06 17:14:41,1024,200,11293110,359085,851,11028
814,2023.03.06 17:14:43,1024,200,21717537,247032,755,21208
815,2023.03.06 17:14:46,1024,200,30463002,252115,848,29749
816,2023.03.06 17:14:48,1024,200,737757142,1277640,285130,720465
817,2023.03.06 17:14:50,1024,200,1594568,38191,694,1557
818,2023.03.06 17:14:53,1024,200,11441134,127030,713,11172
819,2023.03.06 17:14:55,1024,200,2796875,160410,708,2731
820,2023.03.06 17:14:57,1024,200,49190594,377629,729,48037
821,2023.03.06 17:15:00,1024,200,110833933,448769,749,108236
822,2023.03.06 17:15:02,1024,200,23192810,249078,694,22649
823,2023.03.06 17:15:04,1024,200,1816660,19747,674,1774
824,2023.03.06 17:15:07,1024,200,2028529,41252,706,1980
825,2023.03.06 17:15:09,1024,200,11456200,185100,817,11187
826,2023.03.06 17:15:11,1024,200,83502984,498421,819,81545
827,2023.03.06 17:15:14,1024,200,1732229,46832,738,1691
828,2023.03.06 17:15:16,1024,200,2279939,606987,691,2226
829,2023.03.06 17:15:18,1024,200,1679836,23547,756,1640
830,2023.03.06 17:15:20,1024,200,1249023301,1732985,705631,1219749
831,2023.03.06 17:15:23,1024,200,29611516,230633,732,28917
832,2023.03.06 17:15:25,1024,200,2448931,637852,730,2391
833,2023.03.06 17:15:27,1024,200,2196855,43281,720,2145
834,2023.03.06 17:15:30,1024,200,7729677,101056,653,7548
835,2023.03.06 17:15:32,1024,200,3449664,64449,701,3368
836,2023.03.06 17:15:34,1024,200,2063466,244073,677,2015
837,2023.03.06 17:15:37,1024,200,707601519,1447525,750,691017
838,2023.03.06 17:15:39,1024,200,1556312,40463,722,1519
839,2023.03.06 17:15:41,1024,200,1840436,177492,679,1797
840,2023.03.06 17:15:44,1024,200,1495388,14782,707,1460
841,2023.03.06 17:15:46,1024,200,4148521,695281,729,4051
842,2023.03.06 17:15:48,1024,200,35969828,268205,819,35126
843,2023.03.06 17:15:51,1024,200,518980745,1251957,750,506817
844,2023.03.06 17:15:53,1024,200,1802112,21534,670,1759
845,2023.03.06 17:15:55,1024,200,1912063,163440,743,1867
846,2023.03.06 17:15:58,1024,200,19427752,237347,708,18972
847,2023.03.06 17:16:00,1024,200,21695026,273034,676,21186
848,2023.03.06 17:16:02,1024,200,8699028,108613,713,8495
849,2023.03.06 17:16:05,1024,200,4541133,86894,712,4434
850,2023.03.06 17:16:07,1024,200,1654651,59959,706,1615
851,2023.03.06 17:16:09,1024,200,1546884,18576,707,1510
852,2023.03.06 17:16:12,1024,200,1998943,41040,720,1952
853,2023.03.06 17:16:14,1024,200,2010757290,2613278,1226098,1963630
854,2023.03.06 17:16:16,1024,200,525090710,1089545,838,512783
855,2023.03.06 17:16:19,1024,200,70599997,529803,725,68945
856,2023.03.06 17:16:21,1024,200,239307543,699885,750,233698
857,2023.03.06 17:16:23,1024,200,1688830,19718,779,1649
858,2023.03.06 17:16:26,1024,200,36757105,304897,662,35895
859,2023.03.06 17:16:28,1024,200,31469736,319620,700,30732
860,2023.03.06 17:16:30,1024,200,3027285,581854,698,2956
861,2023.03.06 17:16:33,1024,200,2571786,74399,756,2511
862,2023.03.06 17:16:35,1024,200,11115778,168498,713,10855
863,2023.03.06 17:16:37,1024,200,1856949,34719,670,1813
864,2023.03.06 17:16:40,1024,200,2517125,54758,739,2458
865,2023.03.06 17:16:42,1024,200,31830428,511883,715,31084
866,2023.03.06 17:16:44,1024,200,1702886,24747,689,1662
867,2023.03.06 17:16:47,1024,200,107406130,451609,907,104888
868,2023.03.06 17:16:49,1024,200,1868271,29549,727,1824
869,2023.03.06 17:16:51,1024,200,87683392,413735,831,85628
870,2023.03.06 17:16:54,1024,200,419165094,1069947,1102,409340
871,2023.03.06 17:16:56,1024,200,12938797,196639,710,12635
872,2023.03.06 17:16:58,1024,200,25867554,185206,743,25261
873,2023.03.06 17:17:01,1024,200,4162017,63141,728,4064
874,2023.03.06 17:17:03,1024,200,46829517,375707,736,45731
875,2023.03.06 17:17:05,1024,200,1659658,19133,759,1620
876,2023.03.06 17:17:08,1024,200,3375389,63587,740,3296
877,2023.03.06 17:17:10,1024,200,2872723,78546,708,2805
878,2023.03.06 17:17:12,1024,200,2553380,179027,774,2493
879,2023.03.06 17:17:15,1024,200,200799347,811376,735,196093
880,2023.03.06 17:17:17,1024,200,1734412,44089,656,1693
881,2023.03.06 17:17:19,1024,200,35046447,298482,652,34225
882,2023.03.06 17:17:22,1024,200,29067783,263218,742,28386
883,2023.03.06 17:17:24,1024,200,12002156,212452,691,11720
884,2023.03.06 17:17:26,1024,200,2520273,569139,710,2461
885,2023.03.06 17:17:29,1024,200,17207535,306266,677,16804
886,2023.03.06 17:17:31,1024,200,382569482,915646,773,373603
887,2023.03.06 17:17:33,1024,200,6065748,132177,684,5923
888,2023.03.06 17:17:35,1024,200,36081347,337509,712,35235
889,2023.03.06 17:17:38,1024,200,207299761,759943,580,202441
890,2023.03.06 17:17:40,1024,200,1660109,25046,673,1621
891,2023.03.06 17:17:42,1024,200,160729461,648493,722,156962
892,2023.03.06 17:17:45,1024,200,42833062,241421,770,41829
893,2023.03.06 17:17:47,1024,200,36666870,360978,694,35807
894,2023.03.06 17:17:49,1024,200,220225818,674210,720,215064
895,2023.03.06 17:17:52,1024,200,19014208,167347,751,18568
896,2023.03.06 17:17:54,1024,200,9112178,136460,668,8898
897,2023.03.06 17:17:56,1024,200,2282794,22828,822,2229
898,2023.03.06 17:17:59,1024,200,1967328,555590,725,1921
899,2023.03.06 17:18:01,1024,200,2277236753,3312944,889812,2223864
900,2023.03.06 17:18:03,1024,200,47096001,363902,792,45992
901,2023.03.06 17:18:06,1024,200,1757423,17748,690,1716
902,2023.03.06 17:18:08,1024,200,2748064,69410,694,2683
903,2023.03.06 17:18:10,1024,200,8137329,103563,699,7946
904,2023.03.06 17:18:13,1024,200,1643674,21143,690,1605
905,2023.03.06 17:18:15,1024,200,59413176,312500,675,58020
906,2023.03.06 17:18:17,1024,200,243811092,1565995,678,238096
907,2023.03.06 17:18:20,1024,200,2524715,67005,687,2465
908,2023.03.06 17:18:22,1024,200,1957750,556217,629,1911
909,2023.03.06 17:18:24,1024,200,15588915,203401,872,15223
910,2023.03.06 17:18:27,1024,200,1996431,541800,769,1949
911,2023.03.06 17:18:29,1024,200,2823823278,3746551,764,2757639
912,2023.03.06 17:18:31,1024,200,19867160,238932,721,19401
913,2023.03.06 17:18:34,1024,200,1750681,19549,602,1709
914,2023.03.06 17:18:36,1024,200,138126627,656202,774,134889
915,2023.03.06 17:18:38,1024,200,20111446,303563,704,19640
916,2023.03.06 17:18:41,1024,200,254129083,752553,759,248172
917,2023.03.06 17:18:43,1024,200,1832599,22159,766,1789
918,2023.03.06 17:18:45,1024,200,37907145,469100,838,37018
919,2023.03.06 17:18:48,1024,200,20415869,555985,683,19937
920,2023.03.06 17:18:50,1024,200,45247652,350250,664,44187
921,2023.03.06 17:18:52,1024,200,95554456,483743,691,93314
922,2023.03.06 17:18:55,1024,200,1941670,26882,745,1896
923,2023.03.06 17:18:57,1024,200,3078775,79460,716,3006
924,2023.03.06 17:18:59,1024,200,25118576,253633,716,24529
925,2023.03.06 17:19:02,1024,200,1773038,21207,674,1731
926,2023.03.06 17:19:04,1024,200,8814368,147281,749,8607
927,2023.03.06 17:19:06,1024,200,68511174,440119,669,66905
928,2023.03.06 17:19:09,1024,200,1769859,13612,748,1728
929,2023.03.06 17:19:11,1024,200,29868747,205887,715,29168
930,2023.03.06 17:19:13,1024,200,58552762,430703,742,57180
931,2023.03.06 17:19:16,1024,200,31670317,229615,720,30928
932,2023.03.06 17:19:18,1024,200,19412727,246066,714,18957
933,2023.03.06 17:19:20,1024,200,30674911,301200,685,29955
934,2023.03.06 17:19:22,1024,200,1802509,18629,712,1760
935,2023.03.06 17:19:25,1024,200,245115075,761058,695,239370
936,2023.03.06 17:19:27,1024,200,27905160,269275,795,27251
937,2023.03.06 17:19:29,1024,200,93110534,391934,771,90928
938,2023.03.06 17:19:32,1024,200,1741731,117810,696,1700
939,2023.03.06 17:19:34,1024,200,14311786,206711,705,13976
940,2023.03.06 17:19:36,1024,200,10497948,424037,674,10251
941,2023.03.06 17:19:39,1024,200,8608397,261410,708,8406
942,2023.03.06 17:19:41,1024,200,3792491,67606,681,3703
943,2023.03.06 17:19:43,1024,200,3591868500,4123468,1574519,3507684
944,2023.03.06 17:19:46,1024,200,51442591,374037,707,50236
945,2023.03.06 17:19:48,1024,200,1535526,15739,700,1499
946,2023.03.06 17:19:50,1024,200,21260941,194133,796,20762
947,2023.03.06 17:19:53,1024,200,1739372,35262,743,1698
948,2023.03.06 17:19:55,1024,200,243086527,1024821,698,237389
949,2023.03.06 17:19:57,1024,200,35250227,264633,1036,34424
950,2023.03.06 17:20:00,1024,200,20147647,192924,725,19675
951,2023.03.06 17:20:02,1024,200,76809869,414559,708,75009
952,2023.03.06 17:20:04,1024,200,1917130,16916,734,1872
953,2023.03.06 17:20:07,1024,200,6616074,90894,697,6461
954,2023.03.06 17:20:09,1024,200,335985290,1289929,779,328110
955,2023.03.06 17:20:11,1024,200,27433045,366643,676,26790
956,2023.03.06 17:20:14,1024,200,116477130,521669,978,113747
957,2023.03.06 17:20:16,1024,200,1781884,20256,688,1740
958,2023.03.06 17:20:18,1024,200,3967957,63246,702,3874
959,2023.03.06 17:20:21,1024,200,1987761,246125,743,1941
960,2023.03.06 17:20:23,1024,200,87110697,444790,675,85069
961,2023.03.06 17:20:25,1024,200,1630155,13060,729,1591
962,2023.03.06 17:20:28,1024,200,742249163,2010387,292685,724852
963,2023.03.06 17:20:30,1024,200,8166463,555337,703,7975
964,2023.03.06 17:20:32,1024,200,22612921,541110,714,22082
965,2023.03.06 17:20:35,1024,200,1377768897,1947542,813650,1345477
966,2023.03.06 17:20:37,1024,200,9506844,171355,706,9284
967,2023.03.06 17:20:39,1024,200,5403281,87512,701,5276
968,2023.03.06 17:20:42,1024,200,1698065,15540,753,1658
969,2023.03.06 17:20:44,1024,200,33992841,472794,723,33196
970,2023.03.06 17:20:46,1024,200,46119767,266434,619,45038
971,2023.03.06 17:20:49,1024,200,67011561,569041,709,65440
972,2023.03.06 17:20:51,1024,200,61976435,310359,686,60523
973,2023.03.06 17:20:53,1024,200,4488465,72926,645,4383
974,2023.03.06 17:20:56,1024,200,10153019,225233,718,9915
975,2023.03.06 17:20:58,1024,200,1697587,21121,762,1657
976,2023.03.06 17:21:00,1024,200,1706873,35918,791,1666
977,2023.03.06 17:21:03,1024,200,19360017,300462,721,18906
978,2023.03.06 17:21:05,1024,200,1886189,211546,671,1841
979,2023.03.06 17:21:14,1024,200,2068940,85023,662,2020
980,2023.03.06 17:21:16,1024,200,163393313,609150,708,159563
981,2023.03.06 17:21:18,1024,200,1229476448,1763842,707019,1200660
982,2023.03.06 17:21:21,1024,200,7195219,228424,736,7026
983,2023.03.06 17:21:23,1024,200,13813620,584511,718,13489
984,2023.03.06 17:21:25,1024,200,1136398329,3495303,644,1109763
985,2023.03.06 17:21:28,1024,200,1747570,14358,685,1706
986,2023.03.06 17:21:30,1024,200,1835316,24448,773,1792
987,2023.03.06 17:21:33,1024,200,1630617,41336,713,1592
988,2023.03.06 17:21:35,1024,200,19172698,196374,739,18723
989,2023.03.06 17:21:37,1024,200,46207640,347672,673,45124
990,2023.03.06 17:21:40,1024,200,3970995,101465,740,3877
991,2023.03.06 17:21:42,1024,200,25676463,243955,725,25074
992,2023.03.06 17:21:45,1024,200,224355878,713515,756,219097
993,2023.03.06 17:21:47,1024,200,1756669,24707,701,1715
994,2023.03.06 17:21:49,1024,200,1932011,18431,737,1886
995,2023.03.06 17:21:52,1024,200,2557352,43764,743,2497
996,2023.03.06 17:21:54,1024,200,1564129,20564,711,1527
997,2023.03.06 17:21:56,1024,200,27100942,253630,743,26465
998,2023.03.06 17:21:59,1024,200,68577474,347727,728,66970
999,2023.03.06 17:22:01,1024,200,2532194,228154,829,2472
1000,2023.03.06 17:22:03,1024,200,32062015,440391,701,31310
